"Player","Team","Positions","PTS","REB","AST","BLK","STL","FG%","FT%","3PM","GP","MIN","TO"
"Joel Embiid","PHI","PF,C DTD","30.4","11.8","3.9","1.5","1.1",".498",".825","1.3","67","33.7","3.2"
"Giannis Antetokounmpo","MIL","PF,C DTD","30.1","11.7","5.9","1.4","1.1",".547",".718","1.1","72","33.8","3.2"
"Luka Doncic","DAL","PG,SG","29.2","9.5","8.9","0.6","1.2",".462",".751","3.2","73","35.1","4.4"
"Kevin Durant","BKN","SF,PF","29.0","7.2","6.0","0.9","0.9",".512",".901","2.2","68","36.0","3.4"
"Ja Morant","MEM","PG","28.9","5.6","7.3","0.4","1.2",".495",".771","1.7","71","34.2","3.6"
"LeBron James","LAL","PG,SG,SF,PF","28.7","7.5","6.2","0.9","1.2",".522",".735","2.8","68","34.2","3.3"
"Zion Williamson","NOR","PF","27.4","7.3","3.9","0.6","0.9",".602",".706","0.3","63","33.1","2.7"
"Jayson Tatum","BOS","SF,PF DTD","27.4","7.8","4.6","0.6","1.0",".458",".856","3.1","76","35.8","2.9"
"Devin Booker","PHO","SG,SF,PG DTD","27.0","5.1","4.9","0.4","1.2",".465",".870","2.7","73","34.9","2.5"
"Trae Young","ATL","PG DTD","26.9","3.8","8.9","0.1","1.0",".456",".905","3.1","76","34.9","3.9"
"Kyrie Irving","BKN","PG,SG DTD","26.9","4.4","5.7","0.5","1.3",".472",".926","3.2","62","36.3","2.5"
"Damian Lillard","POR","PG","26.8","3.9","7.4","0.3","0.9",".444",".881","3.7","71","35.9","2.9"
"DeMar DeRozan","CHI","SF,PF,SG DTD","26.2","5.0","4.8","0.3","0.9",".488",".871","0.7","77","35.6","2.4"
"Nikola Jokic","DEN","PF,C DTD","26.2","12.5","8.1","0.8","1.4",".567",".826","1.3","76","33.7","3.6"
"Shai Gilgeous-Alexander","OKC","PG,SG","25.6","4.8","5.6","0.7","1.2",".467",".825","1.9","67","35.2","2.9"
"Stephen Curry","GSW","PG,SG","25.2","5.1","6.3","0.3","1.3",".446",".921","4.4","67","33.9","3.2"
"Zach LaVine","CHI","SG,SF","24.6","4.6","4.5","0.3","0.7",".477",".848","2.8","71","34.7","2.5"
"Bradley Beal","WAS","SG,SF","24.5","4.7","6.1","0.4","1.0",".462",".842","2.0","71","35.5","3.2"
"Kawhi Leonard","LAC","SG,SF,PF","24.4","6.6","4.8","0.4","1.5",".489",".890","1.9","61","33.0","2.2"
"De'Aaron Fox","SAC","PG DTD","24.1","4.0","6.6","0.4","1.3",".478",".740","1.5","69","35.3","2.9"
"Jaylen Brown","BOS","SG,SF DTD","23.9","6.2","3.6","0.3","1.1",".474",".762","2.6","73","34.1","2.6"
"Karl-Anthony Towns","MIN","C","23.8","9.4","3.5","1.1","0.9",".519",".785","2.2","73","33.4","3.1"
"Anthony Davis","LAL","PF,C DTD","23.7","9.5","3.1","2.0","1.3",".513",".743","0.6","63","35.1","2.2"
"Paul George","LAC","SF,PF,SG DTD","23.4","6.6","5.1","0.5","1.7",".449",".858","3.1","67","34.8","3.5"
"Brandon Ingram","NOR","SF,PF DTD","23.0","5.4","5.1","0.5","0.8",".457",".826","1.6","68","34.2","2.6"
"Anthony Edwards","MIN","SG,SF","22.9","4.6","4.1","0.6","1.5",".444",".787","3.2","74","35.1","2.6"
"Donovan Mitchell","CLE","PG,SG","22.9","3.9","5.4","0.2","1.3",".457",".835","2.9","73","33.7","2.7"
"LaMelo Ball","CHA","PG,SG","22.7","6.8","8.4","0.4","1.6",".435",".863","3.3","76","34.0","3.5"
"Jalen Green","HOU","SG","22.5","3.6","3.2","0.3","0.7",".445",".803","3.0","74","34.0","2.2"
"Pascal Siakam","TOR","PF,C","22.3","8.3","5.1","0.7","1.2",".482",".755","1.3","73","37.4","2.7"
"James Harden","PHI","PG,SG","22.1","7.3","9.8","0.5","1.3",".429",".871","2.4","72","35.4","4.1"
"CJ McCollum","NOR","PG,SG","21.7","4.4","5.0","0.4","1.1",".453",".707","2.9","73","34.8","2.1"
"Cade Cunningham","DET","PG,SG DTD","21.6","5.9","6.6","0.7","1.2",".437",".864","2.0","74","34.3","3.8"
"Klay Thompson","GSW","SG,SF","21.6","4.2","2.8","0.5","0.6",".438",".887","3.7","67","31.8","1.5"
"Jimmy Butler","MIA","SF,PF,SG DTD","21.4","6.1","5.6","0.4","1.6",".480",".873","0.6","61","34.2","2.3"
"Kristaps Porzingis","WAS","PF,C DTD","21.0","8.8","2.2","1.6","0.7",".472",".865","1.6","60","30.5","1.8"
"RJ Barrett","NYK","SG,SF","20.9","6.3","3.0","0.3","0.7",".427",".713","2.1","75","35.0","2.1"
"Khris Middleton","MIL","SF,PF,SG DTD","20.7","5.5","5.4","0.3","1.2",".459",".898","2.5","68","32.6","2.9"
"Tyler Herro","MIA","PG,SG DTD","20.7","5.0","4.2","0.1","0.7",".442",".875","2.6","71","33.1","2.7"
"Collin Sexton","UTH","PG,SG","20.5","3.4","4.3","0.2","1.1",".455",".800","1.5","74","32.9","2.7"
"Julius Randle","NYK","PF,C DTD","20.5","9.6","4.9","0.5","0.8",".440",".769","1.8","75","35.3","3.1"
"Terry Rozier","CHA","PG,SG","20.5","4.3","4.5","0.3","1.3",".445",".849","3.1","74","34.1","1.5"
"Darius Garland","CLE","PG,SG","20.4","3.2","8.3","0.1","1.3",".465",".897","2.4","73","34.9","3.0"
"Keldon Johnson","SAS","SF,PF DTD","20.3","6.5","2.5","0.2","0.8",".466",".780","2.5","70","34.2","1.6"
"Fred VanVleet","TOR","PG,SG DTD","20.0","4.2","6.6","0.5","1.6",".405",".872","3.6","68","36.9","2.5"
"Domantas Sabonis","SAC","PF,C DTD","19.4","12.2","5.8","0.6","1.0",".550",".737","0.6","72","34.4","3.1"
"Bam Adebayo","MIA","PF,C DTD","19.4","10.1","3.9","1.0","1.3",".557",".761","0.1","72","33.2","2.9"
"Desmond Bane","MEM","PG,SG,SF DTD","19.1","4.5","3.1","0.3","1.2",".460",".903","3.1","76","31.6","1.6"
"Jamal Murray","DEN","PG,SG","19.0","4.0","4.5","0.3","1.1",".449",".852","2.4","67","32.5","2.0"
"Anfernee Simons","POR","PG,SG OUT","19.0","3.1","3.6","0.1","0.6",".438",".863","3.2","70","33.1","2.2"
"Dillon Brooks","MEM","SG,SF","19.0","3.4","2.5","0.3","1.1",".426",".844","1.8","68","29.7","1.7"
"Dejounte Murray","ATL","PG,SG","18.9","6.4","6.2","0.3","1.9",".460",".818","1.3","73","34.5","2.5"
"Tyrese Maxey","PHI","PG,SG","18.8","3.1","3.9","0.3","0.8",".477",".861","2.1","76","34.9","1.3"
"Jalen Brunson","NYK","PG,SG","18.7","3.8","6.3","0.0","0.9",".493",".833","1.5","77","34.1","1.8"
"Jordan Poole","GSW","PG,SG","18.7","3.5","4.1","0.3","0.8",".447",".916","2.8","77","30.6","2.6"
"Tyrese Haliburton","IND","PG,SG DTD","18.6","4.0","9.2","0.6","1.7",".474",".854","2.3","77","35.4","2.7"
"Jrue Holiday","MIL","PG,SG","18.4","4.6","6.8","0.4","1.7",".487",".733","2.0","71","33.3","2.8"
"Paolo Banchero","ORL","PF","18.1","7.9","3.5","0.9","1.0",".464",".736","1.2","74","32.1","2.7"
"Nikola Vucevic","CHI","C","18.1","10.6","3.1","0.9","0.9",".470",".780","1.5","74","32.2","1.8"
"Saddiq Bey","DET","SF","18.0","5.4","2.7","0.2","0.9",".421",".830","3.0","79","33.6","1.2"
"Kevin Porter Jr.","HOU","SG,SF,PG DTD","17.9","4.6","6.6","0.4","1.2",".425",".685","2.8","69","32.6","3.3"
"Bojan Bogdanovic","UTH","SF,PF DTD","17.9","4.2","1.7","0.2","0.6",".451",".847","2.6","73","30.7","1.7"
"Gary Trent Jr.","TOR","SG,SF DTD","17.8","2.8","2.1","0.3","1.5",".416",".850","3.0","72","34.1","1.1"
"Deandre Ayton","PHO","C DTD","17.7","10.3","1.5","0.9","0.7",".633",".741","0.2","71","30.9","1.6"
"Scottie Barnes","TOR","SF,PF DTD","17.5","7.6","4.1","0.8","1.2",".492",".739","1.1","75","36.0","1.9"
"Andrew Wiggins","GSW","SG,SF","17.4","4.8","2.3","0.8","1.1",".457",".646","2.3","76","32.8","1.6"
"D'Angelo Russell","MIN","PG,SG","17.4","3.4","7.2","0.4","1.0",".420",".807","2.7","69","32.4","2.7"
"Michael Porter Jr.","DEN","SF,PF OUT","17.4","7.2","1.5","0.7","0.9",".488",".773","2.3","63","32.0","1.4"
"Miles Bridges","CHA","SF,PF","17.3","6.6","3.1","0.8","0.8",".485",".804","1.9","39","33.2","1.8"
"Gordon Hayward","CHA","SG,SF DTD","17.2","4.9","3.7","0.4","1.0",".460",".849","1.9","62","31.7","1.7"
"Spencer Dinwiddie","DAL","PG,SG","16.9","4.1","5.9","0.2","0.7",".428",".773","1.9","71","31.8","2.1"
"OG Anunoby","TOR","SF,PF DTD","16.8","5.6","2.7","0.5","1.5",".448",".750","2.4","68","35.9","1.7"
"Lauri Markkanen","UTH","PF,C","16.7","6.5","1.4","0.5","0.8",".450",".868","2.5","69","31.9","1.1"
"Luguentz Dort","OKC","SG,SF","16.7","4.1","1.8","0.4","0.9",".411",".825","2.4","67","32.5","2.0"
"Franz Wagner","ORL","SG,SF DTD","16.5","4.7","2.8","0.5","0.9",".456",".866","1.5","78","31.7","1.6"
"Christian Wood","DAL","PF,C","16.5","9.2","1.9","1.0","0.7",".502",".633","1.7","71","29.4","1.8"
"John Collins","ATL","PF,C DTD","16.4","8.1","1.7","1.0","0.6",".531",".806","1.2","70","30.7","1.2"
"Buddy Hield","IND","SG,SF","16.4","4.6","3.5","0.3","0.9",".417",".857","3.4","75","31.9","1.8"
"Evan Mobley","CLE","C,PF OUT","16.4","8.7","2.5","1.9","0.8",".501",".684","0.5","74","34.3","2.0"
"Russell Westbrook III","LAL","PG DTD","16.4","6.3","6.0","0.3","0.9",".441",".664","0.9","76","30.4","3.3"
"Jonas Valanciunas","NOR","C DTD","16.4","11.0","2.0","0.8","0.6",".552",".805","0.6","73","29.2","2.0"
"Jerami Grant","POR","SF,PF","16.3","4.1","2.2","1.0","0.9",".440",".836","1.7","71","32.9","1.8"
"Kyle Kuzma","WAS","SF,PF DTD","16.3","8.3","3.1","0.9","0.6",".453",".713","1.8","73","33.3","2.3"
"Jordan Clarkson","UTH","PG,SG DTD","16.2","3.5","2.5","0.2","0.8",".428",".822","2.5","74","26.6","1.5"
"Keegan Murray","SAC","PF","16.0","5.2","1.4","1.0","0.9",".482",".755","1.5","73","31.1","1.4"
"Jaren Jackson Jr.","MEM","PF,C OUT","15.9","6.9","1.3","2.1","0.9",".423",".814","1.6","43","27.0","1.7"
"Devin Vassell","SAS","SG,SF DTD","15.9","5.2","2.5","0.6","1.2",".438",".869","2.4","73","32.7","1.1"
"Kelly Oubre Jr.","CHA","SG,SF,PF","15.8","4.5","1.2","0.5","1.1",".433",".677","2.5","74","28.7","1.0"
"Norman Powell","LAC","SG,SF DTD","15.8","2.9","1.8","0.3","0.9",".464",".827","2.2","69","28.3","1.4"
"Malcolm Brogdon","BOS","PG,SG","15.5","4.3","5.3","0.3","0.7",".446",".868","1.4","63","28.7","2.0"
"Malik Beasley","UTH","PG,SG,SF","15.4","3.7","1.9","0.2","0.7",".421",".846","3.0","73","29.3","1.1"
"Tobias Harris","PHI","SF,PF","15.3","6.4","3.2","0.6","0.6",".485",".862","1.4","75","33.5","1.6"
"Caris LeVert","CLE","SG,SF DTD","15.3","3.5","3.5","0.4","0.9",".439",".753","1.3","69","29.3","1.9"
"Bogdan Bogdanovic","ATL","SF,PF,SG DTD","15.2","4.1","3.0","0.2","1.1",".431",".841","2.7","66","29.6","1.3"
"Jaden Ivey","DET","PG","15.2","4.1","3.7","0.4","1.0",".434",".766","1.7","74","30.7","2.3"
"Harrison Barnes","SAC","SF,PF","15.1","5.5","2.5","0.2","0.7",".472",".828","1.7","76","32.7","1.4"
"Jarrett Allen","CLE","C","15.0","10.6","1.6","1.4","0.7",".642",".711","0.0","72","32.0","1.7"
"Tim Hardaway Jr.","DAL","SG,SF","15.0","3.5","2.1","0.1","0.8",".418",".767","2.5","68","28.4","0.9"
"Alperen Sengun","HOU","C","14.9","7.6","3.6","1.2","1.1",".475",".742","0.7","77","30.8","3.0"
"Jalen Suggs","ORL","PG,SG DTD","14.8","4.1","5.2","0.5","1.5",".420",".772","1.3","70","31.3","2.8"
"Chris Paul","PHO","PG DTD","14.8","4.2","9.7","0.3","1.6",".492",".853","1.1","67","31.7","2.3"
"Jabari Smith Jr.","HOU","PF","14.7","5.0","1.6","1.1","0.9",".436",".777","1.7","73","29.6","1.6"
"Rudy Gobert","MIN","C","14.5","12.9","1.1","2.0","0.7",".680",".658","0.0","74","31.5","1.7"
"Ben Simmons","BKN","PG","14.4","7.8","7.1","0.6","1.7",".550",".642","0.2","65","33.0","3.1"
"Josh Giddey","OKC","PG,SG","14.4","7.3","7.4","0.4","1.0",".425",".727","1.4","69","33.5","2.7"
"Mikal Bridges","PHO","SG,SF","14.3","4.3","2.2","0.5","1.1",".516",".850","1.5","79","34.7","0.9"
"Chris Duarte","IND","SG DTD","14.3","4.2","2.1","0.2","1.1",".440",".833","1.8","72","30.0","1.7"
"Cole Anthony","ORL","PG DTD","14.3","4.8","4.9","0.3","0.7",".392",".856","1.8","70","28.5","2.6"
"Wendell Carter Jr.","ORL","C DTD","14.3","9.7","2.2","0.8","0.6",".519",".705","0.9","71","29.5","1.7"
"Aaron Gordon","DEN","SF,PF DTD","14.3","5.8","2.6","0.6","0.6",".489",".723","1.2","74","30.9","1.8"
"Jusuf Nurkic","POR","C","14.2","10.7","2.9","0.8","1.1",".515",".673","0.3","67","28.5","2.5"
"Jalen Smith","IND","PF,C","14.1","7.1","0.7","1.2","0.4",".509",".777","1.3","72","28.5","1.2"
"Kyle Lowry","MIA","PG DTD","14.1","4.7","7.0","0.3","1.1",".440",".864","2.3","62","32.9","2.6"
"Victor Oladipo","MIA","SG,SF","14.0","3.4","3.7","0.2","0.8",".430",".744","1.9","63","25.4","2.2"
"Mike Conley","UTH","PG","14.0","3.4","5.5","0.2","1.3",".430",".812","2.3","65","28.1","1.8"
"Jakob Poeltl","SAS","C","14.0","9.6","2.8","1.8","0.7",".616",".490","0.0","70","29.4","1.6"
"Bennedict Mathurin","IND","SF","13.9","3.9","1.7","0.3","0.8",".425",".790","1.9","73","29.4","1.6"
"Bobby Portis Jr.","MIL","PF,C","13.8","8.6","1.2","0.6","0.7",".485",".695","1.7","74","26.1","1.1"
"Marvin Bagley III","DET","PF,C","13.5","7.5","1.1","0.5","0.5",".502",".660","0.8","69","26.0","1.3"
"Reggie Jackson","LAC","PG,SG","13.5","3.4","3.9","0.2","0.7",".420",".851","1.8","74","26.7","1.9"
"John Wall","LAC","PG","13.5","2.2","5.8","0.4","1.1",".409",".741","1.3","58","27.0","3.2"
"Myles Turner","IND","PF,C","13.4","7.3","1.0","2.8","0.7",".495",".767","1.5","68","30.1","2.1"
"James Wiseman","GSW","C","13.4","6.7","0.8","1.1","0.3",".526",".634","0.4","66","24.8","1.8"
"De'Andre Hunter","ATL","SF,PF DTD","13.4","3.7","1.4","0.4","0.8",".444",".786","1.6","69","31.7","1.4"
"T.J. Warren","BKN","SF,PF","13.2","3.1","1.1","0.3","0.8",".517",".807","0.9","62","22.9","0.8"
"Will Barton","WAS","SG,SF","13.2","4.3","3.4","0.3","0.8",".431",".788","1.9","72","29.4","1.7"
"Seth Curry","BKN","PG,SG DTD","13.1","2.7","3.0","0.2","0.7",".484",".851","2.3","70","28.6","1.5"
"Markelle Fultz","ORL","PG,SG DTD","13.0","3.1","5.4","0.3","1.2",".466",".800","0.5","65","28.3","2.4"
"Marcus Smart","BOS","PG,SG DTD","12.8","3.8","5.3","0.3","1.6",".418",".812","1.9","71","31.5","2.2"
"Cameron Johnson","PHO","SF,PF","12.7","4.1","1.5","0.2","0.9",".452",".815","2.6","70","27.1","0.8"
"Kevin Love","CLE","PF,C","12.7","7.9","2.1","0.2","0.4",".417",".832","2.3","66","23.1","1.5"
"Bones Hyland","DEN","PG,SG","12.7","3.1","3.6","0.4","0.7",".418",".859","2.4","73","23.9","1.6"
"Monte Morris","WAS","PG,SG","12.6","2.9","5.8","0.2","0.8",".474",".873","1.6","74","30.2","1.1"
"P.J. Washington","CHA","PF,C","12.6","6.2","2.6","1.1","1.0",".460",".724","1.8","72","30.8","1.7"
"Josh Hart","POR","SG,SF DTD","12.5","5.9","3.2","0.3","1.0",".468",".788","1.4","69","30.2","1.9"
"Doug McDermott","SAS","SF,PF DTD","12.5","2.9","1.4","0.1","0.3",".472",".796","2.2","68","25.8","1.2"
"Evan Fournier","NYK","SG,SF","12.4","2.7","2.1","0.3","0.9",".415",".721","2.5","72","24.9","1.3"
"Kevin Huerter","SAC","SG,SF","12.3","3.4","2.9","0.4","0.8",".442",".828","2.2","74","30.0","1.2"
"Kendrick Nunn","LAL","PG,SG","12.3","2.2","2.3","0.3","0.8",".463",".872","1.9","65","25.4","1.1"
"Kentavious Caldwell-Pope","DEN","PG,SG,SF","12.3","3.1","1.9","0.3","1.0",".438",".903","1.9","77","29.4","1.2"
"Rui Hachimura","WAS","SF,PF","12.2","4.2","1.3","0.2","0.6",".473",".738","1.0","72","26.3","1.0"
"Brandon Clarke","MEM","SF,PF,C","12.2","6.5","1.5","1.2","0.8",".609",".670","0.2","70","25.3","0.7"
"Marcus Morris Sr.","LAC","PF,C,SF","12.1","4.5","1.4","0.3","0.6",".437",".818","1.8","66","25.9","1.3"
"Jonathan Kuminga","GSW","SF,PF","12.1","4.6","1.2","0.4","0.6",".499",".693","0.9","71","23.1","1.4"
"Kelly Olynyk","DET","PF,C","12.0","6.0","3.6","0.6","1.1",".475",".771","1.2","70","25.8","2.0"
"Brook Lopez","MIL","C","11.9","4.6","0.8","1.4","0.6",".478",".867","1.4","67","25.4","1.0"
"Immanuel Quickley","NYK","PG","11.9","3.2","3.6","0.0","0.7",".410",".879","1.7","77","23.2","1.5"
"Tre Jones","SAS","PG DTD","11.8","3.4","6.5","0.1","1.0",".477",".807","0.6","72","30.0","1.3"
"Joe Harris","BKN","SG,SF","11.7","3.3","1.5","0.2","0.6",".472",".788","2.5","64","27.7","1.0"
"Darius Bazley","OKC","SF,PF OUT","11.7","6.5","1.5","0.9","0.8",".423",".688","1.3","72","28.6","1.5"
"Lonnie Walker IV","LAL","SG,SF","11.5","2.6","1.8","0.3","0.6",".430",".778","1.6","72","23.1","1.1"
"Lonzo Ball","CHI","PG,SG OUT","11.5","4.6","4.9","0.6","1.5",".418",".773","2.6","54","31.5","2.2"
"Jae'Sean Tate","HOU","SF,PF DTD","11.5","5.3","2.7","0.5","1.0",".486",".700","0.9","77","26.2","1.7"
"Malik Monk","SAC","PG,SG","11.4","3.2","2.6","0.3","0.8",".455",".723","2.0","75","23.8","1.6"
"Eric Gordon","HOU","SG,SF DTD","11.4","2.1","2.4","0.3","0.6",".444",".780","1.9","64","25.0","1.3"
"Montrezl Harrell","PHI","PF,C","11.4","5.2","1.2","0.7","0.4",".605",".721","0.2","72","19.7","1.0"
"Derrick White","BOS","PG,SG","11.3","3.1","3.7","0.7","0.8",".426",".859","1.4","73","26.2","1.4"
"Grayson Allen","MIL","SG,SF DTD","11.3","3.4","1.5","0.3","0.7",".444",".889","2.4","70","26.9","0.7"
"Dorian Finney-Smith","DAL","SF,PF","11.2","4.7","1.8","0.5","1.0",".467",".727","2.2","77","32.3","0.9"
"Max Strus","MIA","SG,SF DTD","11.1","3.0","1.4","0.2","0.4",".435",".800","2.9","74","24.9","0.9"
"Clint Capela","ATL","C DTD","11.1","11.3","1.1","1.3","0.7",".612",".506","0.0","70","26.9","0.7"
"Derrick Rose","NYK","PG,SG","11.1","2.9","3.6","0.3","0.8",".445",".873","1.2","50","21.5","1.2"
"Jaden McDaniels","MIN","PF,SF","11.0","4.6","1.3","1.0","0.8",".459",".791","1.4","72","29.4","1.2"
"Cameron Payne","PHO","PG,SG","10.8","3.1","4.9","0.3","0.7",".420",".812","1.3","67","22.3","1.7"
"Chris Boucher","TOR","PF,C","10.8","7.8","0.5","1.2","0.5",".478",".780","0.9","71","21.6","0.6"
"Ivica Zubac","LAC","C DTD","10.8","8.9","1.6","1.1","0.5",".637",".750","0.0","76","26.3","1.6"
"Tre Mann","OKC","SG,PG","10.6","1.5","1.3","0.2","0.7",".392",".797","1.8","68","22.7","1.0"
"Coby White","CHI","PG,SG","10.5","2.5","2.5","0.2","0.5",".429",".887","1.9","68","22.8","1.2"
"Thomas Bryant","LAL","C","10.5","4.9","1.1","1.0","0.3",".566",".794","0.6","69","21.3","0.9"
"Nic Claxton","BKN","C,PF DTD","10.4","7.5","1.2","1.5","0.7",".650",".585","0.0","68","27.0","1.1"
"Isaiah Jackson","IND","PF","10.4","5.6","0.5","1.7","0.8",".542",".678","0.2","70","22.3","1.5"
"De'Anthony Melton","PHI","PG,SG","10.4","4.0","2.6","0.5","1.3",".410",".781","1.8","72","23.3","1.9"
"Talen Horton-Tucker","UTH","SG,SF","10.4","3.3","2.9","0.5","1.1",".424",".808","0.9","69","26.2","1.4"
"Austin Reaves","LAL","SG","10.3","3.3","2.7","0.3","0.6",".449",".854","1.3","71","27.9","0.9"
"Patrick Williams","CHI","SF,PF","10.3","4.4","1.2","0.6","0.9",".489",".726","1.1","69","28.7","1.1"
"Robert Williams III","BOS","C,PF DTD","10.3","10.5","2.0","2.2","0.9",".731",".729","0.0","56","29.6","1.9"
"JaVale McGee","DAL","C","10.1","7.5","0.8","1.3","0.4",".588",".699","0.0","74","19.0","1.6"
"Luke Kennard","LAC","SG,SF DTD","10.0","3.2","1.9","0.1","0.6",".445",".878","2.2","71","23.4","0.9"
"Quentin Grimes","NYK","SG","10.0","2.7","1.4","0.3","0.9",".422",".720","2.2","70","25.1","1.2"
"Jalen Williams","OKC","SG","10.0","1.8","2.3","0.3","0.9",".442",".765","1.0","71","23.1","1.4"
"Duncan Robinson","MIA","SG,SF DTD","10.0","2.2","1.3","0.2","0.5",".412",".853","2.8","74","25.0","0.8"
"Jeff Green","DEN","SF,PF DTD","9.9","3.3","1.3","0.3","0.4",".497",".828","1.0","76","23.8","0.9"
"Joshua Primo","SAS","SG DTD","9.9","2.9","2.7","0.7","0.5",".400",".750","1.3","71","26.1","1.9"
"Josh Richardson","SAS","SG,SF DTD","9.9","3.0","1.9","0.4","0.8",".431",".889","1.5","65","22.6","1.0"
"Goran Dragic","CHI","PG,SG","9.9","2.3","4.0","0.2","0.7",".410",".810","1.3","65","23.7","1.7"
"Obi Toppin","NYK","SF,PF DTD","9.9","4.7","1.2","0.6","0.4",".520",".739","0.8","73","20.0","1.0"
"Devonte' Graham","NOR","PG,SG","9.9","2.6","3.6","0.1","0.7",".379",".840","2.1","70","23.2","1.3"
"Davion Mitchell","SAC","SG,PG OUT","9.9","2.6","4.1","0.3","0.9",".399",".731","1.0","74","26.8","2.0"
"Ziaire Williams","MEM","SF,SG DTD","9.8","2.2","1.1","0.2","0.8",".455",".805","1.6","72","24.2","0.9"
"Nickeil Alexander-Walker","UTH","SG,SF,PG","9.8","2.7","2.4","0.4","0.7",".393",".738","1.6","59","20.8","1.4"
"Herbert Jones","NOR","SF","9.8","3.9","2.1","0.7","1.7",".472",".848","0.9","76","30.7","1.3"
"Precious Achiuwa","TOR","SF,PF,C","9.8","6.6","1.0","0.7","0.6",".461",".583","0.9","76","24.4","1.2"
"Reggie Bullock","DAL","SG,SF","9.8","3.4","1.3","0.2","0.7",".423",".846","2.4","72","29.1","0.9"
"Alec Burks","DET","SG,SF","9.8","4.3","2.2","0.2","0.7",".432",".833","1.5","71","21.7","1.0"
"Aleksej Pokusevski","OKC","SF,PF","9.7","6.2","2.5","0.8","0.7",".413",".756","1.2","69","25.0","1.5"
"Josh Christopher","HOU","SG","9.7","2.8","2.6","0.2","1.0",".432",".747","1.1","74","21.7","1.5"
"Jae Crowder","PHO","SF,PF DTD","9.6","4.8","1.8","0.4","1.3",".405",".788","1.9","69","27.1","0.8"
"Nassir Little","POR","SF","9.5","5.4","1.1","0.8","0.5",".470",".741","1.1","66","24.3","0.9"
"Cam Thomas","BKN","SG","9.5","1.7","1.2","0.1","0.4",".436",".841","0.8","63","17.5","0.8"
"Terrence Ross","ORL","SG,SF","9.5","3.1","1.7","0.2","0.6",".389",".894","1.3","62","20.4","1.0"
"Daniel Gafford","WAS","C,PF","9.4","6.0","0.9","1.4","0.5",".670",".696","0.0","71","20.3","1.0"
"Al Horford","BOS","PF,C DTD","9.4","7.2","3.2","1.2","0.7",".459",".837","1.2","65","27.7","1.0"
"Pat Connaughton","MIL","SG,SF DTD","9.4","4.2","1.3","0.3","0.8",".443",".806","2.1","72","25.5","0.6"
"Onyeka Okongwu","ATL","PF,C","9.4","6.6","1.2","1.4","0.7",".659",".736","0.0","70","22.9","1.0"
"Deni Avdija","WAS","SG,SF,PF","9.4","5.4","2.1","0.6","0.8",".436",".775","1.1","77","25.1","1.2"
"Caleb Martin","MIA","G DTD","9.4","4.1","1.2","0.5","1.0",".478",".762","1.2","71","24.9","0.9"
"Hamidou Diallo","DET","SG,SF","9.3","3.7","1.1","0.3","1.1",".495",".643","0.4","67","18.8","1.3"
"Isaiah Stewart","DET","PF,C","9.3","8.2","1.1","1.2","0.4",".514",".710","0.6","72","25.4","1.2"
"Naz Reid","MIN","C","9.3","4.1","1.0","1.0","0.5",".495",".734","0.8","74","16.9","1.0"
"Gary Harris","ORL","SG,SF OUT","9.3","2.3","1.5","0.2","0.8",".404",".846","1.6","65","24.2","0.8"
"Justin Holiday","ATL","SG,SF","9.2","2.8","1.5","0.4","0.8",".397",".800","2.1","74","25.0","0.8"
"Ricky Rubio","CLE","PG","9.2","2.5","5.3","0.1","1.2",".371",".845","1.2","43","22.5","1.8"
"Jeremiah Robinson-Earl","OKC","SF,PF","9.2","6.0","1.2","0.4","0.7",".434",".782","1.4","71","26.2","0.9"
"Bruce Brown Jr.","BKN","SG,SF","9.1","4.8","2.1","0.7","1.1",".502",".764","0.6","73","24.7","0.9"
"Trey Murphy III","NOR","SG,SF","9.1","2.3","0.7","0.1","0.5",".430",".873","1.8","73","21.3","0.3"
"Terence Davis II","SAC","SG,SF","9.1","2.8","1.5","0.3","0.8",".403",".773","1.6","70","19.1","1.1"
"Patrick Beverley","LAL","PG,SG","9.0","4.1","4.2","0.8","1.1",".416",".720","1.4","62","24.6","1.3"
"Jordan Nwora","MIL","SF","9.0","3.5","1.1","0.4","0.5",".411",".736","1.2","72","21.7","1.1"
"Mitchell Robinson","NYK","C","8.9","9.0","0.6","1.9","0.9",".716",".490","0.0","71","26.6","1.1"
"Isaiah Livers","DET","SF,PF","8.9","3.3","1.3","0.4","0.9",".467",".867","1.9","66","23.5","1.0"
"Jonathan Isaac","ORL","SF,PF OUT","8.8","4.3","1.1","1.5","1.1",".464",".760","0.7","47","22.0","1.0"
"Richaun Holmes","SAC","PF,C DTD","8.8","6.8","1.0","0.9","0.4",".656",".795","0.0","69","20.4","1.3"
"Zach Collins","SAS","PF,C DTD","8.8","6.0","2.4","0.9","0.5",".492",".798","0.6","66","20.3","1.8"
"Marquese Chriss","HOU","PF,C","8.7","6.1","0.8","1.0","0.6",".463",".688","0.4","45","19.6","1.0"
"Terance Mann","LAC","SF,SG","8.7","3.8","2.0","0.2","0.6",".480",".779","0.9","77","23.2","0.8"
"Patty Mills","BKN","PG","8.6","2.3","1.8","0.1","0.5",".417",".824","2.1","69","23.0","0.9"
"Rudy Gay","UTH","SF,PF","8.6","4.6","1.0","0.4","0.5",".418",".805","1.0","66","19.7","0.9"
"Jaylen Nowell","MIN","SG DTD","8.5","1.6","1.8","0.2","0.5",".432",".792","1.3","71","17.6","0.6"
"Tyus Jones","MEM","PG","8.5","2.4","4.3","0.1","0.8",".455",".857","1.1","74","20.5","0.7"
"Willy Hernangomez","NOR","C","8.4","6.7","1.2","0.4","0.4",".535",".736","0.1","70","16.9","0.9"
"Jalen McDaniels","CHA","PF,C","8.4","3.8","1.3","0.5","0.6",".478",".733","1.0","66","21.7","0.9"
"Cody Martin","CHA","SG,SF DTD","8.4","4.4","2.6","0.5","1.2",".460",".724","1.0","73","26.4","1.0"
"Isaac Okoro","CLE","SG,SF","8.3","3.1","1.6","0.3","0.8",".462",".750","0.9","73","27.3","0.8"
"Moses Moody","GSW","SF,SG","8.3","1.9","0.7","0.2","0.4",".449",".806","1.4","73","20.6","0.4"
"Oshae Brissett","IND","SF,PF DTD","8.3","5.6","1.1","0.5","0.6",".446",".705","1.1","67","19.9","0.8"
"Joe Ingles","MIL","SG,SF,PF IR","8.3","3.1","3.5","0.1","0.5",".438",".806","1.9","42","24.1","1.1"
"Isaiah Roby","SAS","C,PF","8.3","4.0","1.3","0.6","0.7",".500",".687","0.7","62","19.3","1.0"
"KJ Martin Jr.","HOU","SF,PF","8.3","4.9","1.2","0.6","0.5",".509",".675","0.9","67","18.8","0.9"
"Jose Alvarado","NOR","PG","8.3","2.2","3.8","0.2","1.7",".434",".692","1.0","75","20.9","1.2"
"Dario Saric","PHO","PF,C OUT","8.2","2.8","1.2","0.2","0.5",".458",".808","0.9","64","19.0","1.0"
"Bryn Forbes","MIN","PG,SG","8.2","1.5","0.9","0.0","0.4",".431",".884","1.8","63","16.3","0.7"
"Andre Drummond","CHI","C","8.2","8.8","1.7","0.9","1.0",".552",".540","0.0","76","19.1","1.8"
"Mo Bamba","ORL","C","8.2","8.0","1.0","1.3","0.4",".485",".800","1.0","67","20.2","1.0"
"Tari Eason","HOU","SF","8.2","3.0","0.8","0.8","1.2",".462",".778","0.8","74","22.5","1.2"
"Kyle Anderson","MIN","SF,PF","8.2","5.2","2.8","0.7","1.1",".447",".662","0.7","72","22.6","1.1"
"Gabe Vincent","MIA","PG,SG DTD","8.2","1.9","2.6","0.1","0.8",".409",".821","1.5","72","21.2","1.0"
"Grant Williams","BOS","SF,PF","8.1","3.9","1.0","0.7","0.5",".464",".889","1.4","77","25.5","0.9"
"Killian Hayes","DET","PG,SG DTD","8.1","3.3","4.6","0.5","1.2",".401",".784","0.8","71","26.1","1.5"
"Jaxson Hayes","NOR","C","8.1","4.8","0.7","0.8","0.5",".606",".780","0.2","71","18.5","0.8"
"Otto Porter Jr.","TOR","SF,PF","8.1","5.7","1.4","0.5","1.0",".469",".796","1.2","65","22.1","0.7"
"Landry Shamet","PHO","PG,SG DTD","8.1","1.9","1.5","0.1","0.4",".401",".821","1.8","72","20.3","0.7"
"Taurean Prince","MIN","SF,PF","8.1","3.0","1.2","0.4","0.7",".430",".771","1.4","73","19.1","0.9"
"Garrison Mathews","HOU","SG,SF DTD","8.1","2.0","0.8","0.3","0.7",".417",".811","1.7","69","20.4","0.6"
"Moritz Wagner","ORL","PF,C","8.1","3.6","1.2","0.3","0.4",".496",".810","0.9","69","15.1","0.9"
"Shake Milton","PHI","PG,SG DTD","8.1","2.6","2.2","0.2","0.5",".425",".822","1.0","52","18.6","1.0"
"Corey Kispert","WAS","SG,SF OUT","8.0","2.8","1.1","0.3","0.5",".441",".878","1.5","77","20.9","0.7"
"Walker Kessler","UTH","C","8.0","7.3","0.6","1.8","0.7",".567",".620","0.3","69","24.0","0.9"
"Damian Jones","LAL","C","8.0","4.4","1.1","0.8","0.5",".655",".728","0.2","64","18.5","1.1"
"Ayo Dosunmu","CHI","PG,SG","8.0","2.7","3.0","0.3","0.8",".465",".681","0.9","77","24.1","0.8"
"Trey Burke","HOU","PG,SG","7.9","1.6","2.0","0.1","0.6",".373",".747","1.7","38","16.1","1.3"
"Trendon Watford","POR","SF,PF OUT","7.8","4.0","1.6","0.6","0.5",".516",".783","0.2","68","18.4","0.9"
"Donte DiVincenzo","GSW","PG,SG","7.8","3.6","2.6","0.2","1.0",".381",".810","1.4","68","22.4","1.6"
"Jarred Vanderbilt","UTH","PF,C","7.8","9.3","1.3","0.8","1.3",".584",".652","0.0","71","27.0","1.1"
"Isaiah Hartenstein","NYK","PF,C","7.7","4.5","2.2","1.1","0.7",".606",".680","0.1","72","18.5","1.2"
"Draymond Green","GSW","PF,C","7.7","7.3","6.8","1.0","1.4",".510",".710","0.6","64","28.9","2.9"
"T.J. McConnell","IND","PG,SG DTD","7.6","2.9","5.1","0.3","1.3",".503",".750","0.3","70","21.5","1.6"
"Nicolas Batum","LAC","SF,PF,SG","7.6","4.8","1.7","0.6","1.0",".485",".727","1.5","68","24.3","0.8"
"Georges Niang","PHI","SF,PF DTD","7.6","2.7","1.1","0.1","0.4",".438",".902","1.7","75","18.2","0.8"
"Devin Cannady","ORL","PG","7.6","2.3","1.2","0.2","0.7",".399",".727","1.5","27","20.1","0.9"
"Josh Jackson","TOR","SG,SF","7.5","3.0","1.3","0.5","0.6",".404",".716","0.7","69","17.7","1.1"
"Jalen Duren","DET","C","7.5","5.3","0.8","1.0","0.5",".565",".646","0.0","69","16.8","0.8"
"Mason Plumlee","CHA","PF,C","7.5","8.2","3.1","0.7","0.8",".641",".489","0.0","74","24.9","1.5"
"Omer Yurtseven","MIA","C","7.5","7.4","1.2","0.5","0.4",".527",".624","0.0","68","17.7","1.0"
"Chuma Okeke","ORL","PF DTD","7.5","3.8","1.4","0.5","1.2",".388",".833","1.4","69","21.4","0.7"
"Alex Caruso","CHI","PG,SG","7.4","3.4","3.8","0.4","1.5",".394",".769","1.1","67","26.4","1.4"
"Steven Adams","MEM","C DTD","7.4","9.3","3.1","0.9","0.9",".567",".531","0.1","76","26.4","1.5"
"Larry Nance Jr.","NOR","PF,C","7.4","6.0","2.0","0.4","1.1",".513",".647","0.7","67","24.1","1.0"
"Santi Aldama","MEM","PF,C","7.4","2.9","0.5","0.5","0.3",".477",".641","0.6","56","16.8","0.6"
"Cedi Osman","CLE","SF,PF","7.4","2.0","1.6","0.1","0.6",".423",".667","1.4","58","17.0","0.8"
"Robert Covington","LAC","PF,C,SF DTD","7.3","5.0","1.2","1.1","1.3",".411",".784","1.6","72","24.2","1.0"
"Gary Payton II","POR","PG,SG","7.3","4.5","1.1","0.4","1.4",".561",".588","0.5","70","20.8","0.7"
"Malaki Branham","SAS","SG","7.3","1.3","1.2","0.2","0.5",".449",".825","0.5","63","18.2","0.7"
"Serge Ibaka","MIL","PF,C","7.3","5.1","0.9","0.7","0.3",".496",".750","0.6","53","17.2","0.9"
"Dwight Powell","DAL","PF,C","7.3","6.9","1.0","0.5","0.4",".673",".780","0.1","63","18.1","0.8"
"Robin Lopez","CLE","C","7.2","3.5","1.3","0.5","0.1",".562",".607","0.1","51","17.0","1.2"
"Drew Eubanks","POR","PF,C","7.2","7.1","1.2","0.5","0.5",".574",".734","0.1","60","18.5","0.7"
"Kenrich Williams","OKC","SF,PF","7.2","4.0","2.2","0.3","0.9",".473",".545","0.8","69","21.4","1.0"
"Justise Winslow","POR","PF,PG,SF DTD","7.1","5.2","2.0","0.6","0.8",".405",".582","0.4","63","21.0","1.4"
"Royce O'Neale","BKN","SF,PF","7.1","4.8","2.3","0.4","1.0",".432",".769","1.5","75","28.8","1.0"
"Davis Bertans","DAL","PF,C DTD","7.1","2.2","0.7","0.3","0.4",".393",".881","1.8","61","16.8","0.4"
"Furkan Korkmaz","PHI","SG,SF DTD","7.1","2.4","1.5","0.2","0.5",".395",".783","1.3","58","18.1","0.7"
"Maxi Kleber","DAL","PF,C","7.0","5.6","1.1","0.9","0.5",".420",".750","1.3","72","24.3","0.8"
"Damion Lee","PHO","SG,SF","6.9","3.6","1.1","0.1","0.6",".433",".907","1.1","51","18.9","0.6"
"Payton Pritchard","BOS","PG","6.8","1.1","1.8","0.1","0.4",".388",".969","1.6","72","14.9","0.6"
"Terry Taylor","IND","SG","6.7","4.2","0.8","0.3","0.4",".532",".714","0.7","33","14.1","0.6"
"Dewayne Dedmon","MIA","C","6.6","6.0","0.7","0.7","0.4",".555",".756","0.3","67","16.7","1.1"
"Mike Muscala","OKC","PF,C","6.6","3.2","0.6","0.5","0.4",".449",".833","1.3","56","12.7","0.4"
"Daniel Theis","IND","PF,C","6.6","4.8","0.9","0.6","0.4",".529",".688","0.4","51","15.3","0.8"
"Thaddeus Young","TOR","PF,C,SF","6.6","3.4","2.1","0.3","1.0",".505",".500","0.4","70","17.0","1.1"
"James Bouknight","CHA","SG","6.6","1.1","1.1","0.1","0.4",".388",".800","0.7","73","14.7","0.8"
"Frank Kaminsky III","ATL","C,PF","6.5","4.0","1.2","0.3","0.4",".474",".723","0.5","49","14.5","0.5"
"Danuel House Jr.","PHI","SF,PF,SG","6.5","3.1","1.2","0.4","0.6",".415",".746","1.3","68","18.9","0.7"
"Naji Marshall","NOR","SF","6.5","2.4","1.4","0.2","0.7",".426",".811","0.8","41","13.4","0.5"
"Shaedon Sharpe","POR","SG","6.5","2.4","1.2","0.3","0.6",".438",".733","0.6","62","17.0","0.8"
"Aaron Wiggins","OKC","SG,SF","6.5","2.5","1.1","0.2","0.4",".433",".783","1.1","41","21.9","0.8"
"Cam Reddish","NYK","SG,SF","6.4","2.2","0.8","0.3","0.6",".382",".885","0.9","54","15.0","0.8"
"P.J. Tucker","PHI","PF,C,SF","6.4","5.0","1.9","0.3","0.8",".453",".742","1.1","73","28.5","0.9"
"Mark Williams","CHA","C","6.4","5.2","1.1","1.3","0.7",".562",".736","0.0","73","19.6","0.9"
"Delon Wright","WAS","PG,SG","6.4","3.3","2.7","0.2","1.3",".452",".852","0.7","74","20.7","0.8"
"Johnny Davis","WAS","SG","6.4","2.2","0.9","0.2","0.6",".433",".787","0.4","49","15.5","1.0"
"Jake LaRavia","MEM","PF","6.4","0.1","1.3","0.5","0.7",".475",".804","0.7","70","4.3","0.9"
"Xavier Tillman","MEM","PF,C","6.3","4.1","1.4","0.4","1.0",".490",".638","0.3","73","17.5","0.8"
"Jeremy Sochan","SAS","PF","6.3","2.9","1.5","0.4","0.8",".443",".629","0.6","71","19.2","0.8"
"Aaron Holiday","ATL","PG,SG","6.3","1.9","2.2","0.2","0.7",".426",".857","0.8","70","15.4","1.0"
"Raul Neto","CLE","PG,SG","6.3","4.1","2.4","0.1","0.8",".475",".790","0.6","51","15.8","0.9"
"Zeke Nnaji","DEN","PF,C DTD","6.2","2.3","0.5","0.3","0.4",".533",".630","0.6","68","18.2","0.7"
"George Hill","MIL","PG,SG DTD","6.2","3.2","2.2","0.1","0.8",".445",".912","0.9","59","20.8","0.8"
"Wesley Matthews","MIL","SG,SF","6.2","2.2","1.1","0.2","0.5",".408",".775","1.2","68","22.0","0.6"
"Danny Green","MEM","SG,SF OUT","6.1","2.6","1.0","0.4","0.9",".406",".690","1.5","7","20.3","0.8"
"DeAndre Jordan","DEN","C","6.0","6.9","1.1","0.9","0.3",".694",".573","0.0","62","17.4","1.1"
"Trey Lyles","SAC","PF,C","6.0","7.4","1.0","0.3","0.4",".439",".817","0.6","58","14.4","0.7"
"Theo Maledon","OKC","PG","5.9","1.8","2.3","0.2","0.6",".372",".701","0.8","39","16.0","1.3"
"Torrey Craig","PHO","SG,SF DTD","5.9","4.7","1.1","0.5","0.6",".450",".750","1.0","65","18.2","0.8"
"Romeo Langford","SAS","SG DTD","5.9","7.4","0.9","0.3","0.3",".395",".582","0.9","23","15.1","0.6"
"Zavier Simpson","ORL","G","5.9","2.1","2.7","0.2","0.8",".378","1.000","0.6","29","17.5","1.2"
"Trevelin Queen","PHI","G","5.8","1.9","1.2","0.1","0.6",".440","1.000","0.6","36","13.4","0.9"
"R.J. Hampton Jr.","ORL","PG,SG","5.8","3.3","1.8","0.2","0.5",".389",".639","0.8","52","16.5","1.0"
"Aaron Nesmith","IND","SG,SF","5.8","2.6","0.7","0.2","0.5",".418",".804","1.1","62","16.0","0.8"
"David Nwaba","HOU","SG,SF","5.8","3.3","0.8","0.5","0.7",".464",".702","0.5","51","15.5","0.6"
"Bismack Biyombo","PHO","C","5.8","5.1","0.9","0.9","0.3",".578",".522","0.0","69","17.7","0.9"
"Derrick Favors","OKC","C,PF","5.8","4.7","0.7","0.6","0.5",".525",".708","0.1","54","16.4","0.5"
"Cory Joseph","DET","PG DTD","5.8","1.9","2.2","0.2","0.5",".436",".873","0.6","59","15.8","1.0"
"JaMychal Green","GSW","PF,C","5.8","4.9","1.0","0.4","0.6",".458",".839","0.6","69","17.1","1.0"
"Eric Paschall","MIN","PF,C","5.7","4.2","0.9","0.1","0.2",".501",".754","0.6","40","11.5","0.6"
"Markieff Morris","BKN","PF,C","5.7","2.1","1.1","0.1","0.3",".451",".826","0.6","40","14.7","0.6"
"Wenyen Gabriel","LAL","PF,SF","5.6","2.7","0.6","0.6","0.2",".502",".597","0.1","55","13.9","0.7"
"Paul Reed","PHI","SF,PF","5.6","4.0","0.6","0.6","1.1",".550",".565","0.1","56","13.2","0.5"
"Ish Smith","DEN","PG","5.6","1.9","3.1","0.3","0.6",".418",".645","0.4","61","16.0","1.0"
"Chimezie Metu","SAC","PF,C","5.5","4.0","0.7","0.3","0.5",".497",".776","0.5","47","12.7","0.4"
"John Konchar","MEM","SG,PG","5.5","4.8","1.5","0.4","0.8",".488",".583","0.9","73","19.5","0.9"
"Malachi Flynn","TOR","PG","5.5","2.5","2.0","0.1","0.7",".390",".725","0.9","53","15.6","0.6"
"Josh Green","DAL","SG,SF","5.5","2.5","1.2","0.2","0.8",".454",".682","0.7","68","18.3","0.8"
"Keon Johnson","POR","SF,SG","5.5","2.0","1.5","0.2","0.6",".360",".732","0.8","37","14.0","1.0"
"Kira Lewis Jr.","NOR","PG,SG OUT","5.4","1.8","1.9","0.1","0.5",".412",".836","0.6","43","13.2","0.9"
"Edmond Sumner","BKN","PG,SG,SF","5.4","1.5","0.8","0.1","0.4",".515",".807","0.5","38","12.8","0.7"
"D.J. Wilson","TOR","PF,C","5.4","3.2","0.9","0.3","0.6",".506",".762","0.5","60","11.9","0.5"
"Dyson Daniels","NOR","G","5.3","2.4","1.8","0.4","0.7",".441",".767","0.6","63","15.7","0.9"
"Kevon Looney","GSW","PF,C","5.2","7.5","1.8","0.6","0.6",".565",".600","0.0","78","20.5","0.9"
"Austin Rivers","MIN","PG,SG","5.2","2.1","1.5","0.1","0.6",".407",".667","1.1","71","18.2","0.7"
"Amir Coffey","LAC","SF,SG","5.2","2.6","1.1","0.1","0.4",".465",".871","0.8","40","13.6","0.4"
"Matisse Thybulle","PHI","SG,SF DTD","5.2","2.5","1.2","1.0","1.5",".476",".769","0.7","71","22.7","0.7"
"Gorgui Dieng","SAS","PF,C","5.1","5.7","0.9","0.5","0.4",".469",".779","0.7","43","12.0","0.7"
"Brandon Boston Jr.","LAC","SG","5.0","2.4","0.9","0.1","0.5",".406",".833","0.6","35","11.5","0.6"
"Jalen Johnson","ATL","SF","5.0","1.0","0.7","0.3","0.4",".494",".676","0.4","70","12.7","0.7"
"Danilo Gallinari","BOS","SF,PF OUT","5.0","3.3","0.6","0.1","0.2",".428",".917","0.7","55","23.4","0.4"
"Juan Toscano-Anderson","LAL","SF,PF","5.0","2.7","2.1","0.3","0.8",".493",".586","0.7","71","16.7","1.1"
"David Duke Jr.","BKN","G","4.9","2.0","0.7","0.2","0.5",".399",".816","0.7","36","14.7","0.5"
"Yuta Watanabe","BKN","SF,PF","4.8","6.6","0.5","0.4","0.4",".416",".637","0.6","20","12.2","0.6"
"TyTy Washington Jr.","HOU","PG","4.8","1.8","2.0","0.2","0.5",".437",".738","0.6","58","13.8","0.8"
"Garrett Temple","NOR","PG,SG,SF DTD","4.8","3.1","1.2","0.3","0.6",".369",".690","0.9","48","15.4","0.6"
"Malcolm Hill","CHI","F","4.8","2.0","0.6","0.2","0.4",".433",".787","1.0","34","14.4","0.4"
"Jaylin Williams","OKC","C","4.7","0.1","1.2","0.5","0.7",".429",".762","0.3","62","16.8","1.2"
"Sterling Brown","HOU","SG,SF","4.7","3.0","0.8","0.2","0.4",".387",".750","0.6","37","17.2","0.8"
"Bruno Fernando","HOU","C","4.6","3.1","0.5","0.4","0.1",".586",".623","0.1","33","10.6","0.7"
"Kessler Edwards","BKN","SF","4.6","2.2","0.5","0.3","0.5",".430",".813","0.7","57","15.3","0.7"
"Jordan McLaughlin","MIN","PG","4.6","2.0","3.2","0.1","1.0",".426",".745","0.6","63","16.3","0.9"
"Saben Lee","DET","PG","4.6","1.7","2.6","0.2","0.7",".402",".750","0.4","59","13.6","0.9"
"Isaiah Joe","PHI","SG","4.6","1.5","0.7","0.1","0.3",".380",".920","1.0","40","12.5","0.4"
"Javonte Green","CHI","PG,SG DTD","4.5","6.3","0.6","0.4","0.6",".517",".826","0.6","54","14.0","1.0"
"Chris Silva","ATL","PF,C","4.5","3.9","0.6","0.4","0.2",".548",".840","0.0","38","12.6","0.7"
"Jevon Carter","MIL","PG,SG","4.5","1.1","1.5","0.1","0.3",".408",".833","0.9","71","15.2","0.5"
"Keita Bates-Diop","SAS","SF,PF DTD","4.5","3.0","0.6","0.2","0.4",".519",".750","0.2","50","13.4","0.7"
"Vit Krejci","OKC","PG","4.5","1.8","1.2","0.1","0.4",".413",".778","0.9","26","14.4","0.7"
"Stanley Johnson","UTH","PF,SF","4.5","3.4","1.0","0.2","0.6",".460",".750","0.7","32","14.0","0.6"
"Jared Butler","UTH","SG","4.5","1.5","1.7","0.1","0.5",".401",".750","0.7","42","11.2","0.9"
"Lamar Stevens","CLE","SF,PF","4.5","4.5","0.6","0.3","0.4",".461",".710","0.3","24","12.8","0.7"
"Nerlens Noel","DET","PF,C","4.5","8.1","1.0","1.4","1.0",".576",".742","0.0","52","18.0","1.1"
"Derrick Jones Jr.","CHI","SG,SF","4.4","3.9","0.5","0.6","0.4",".558",".803","0.3","39","14.4","0.8"
"David Roddy","MEM","PF","4.4","0.2","0.2","0.2","0.3",".464",".804","0.6","40","10.8","0.6"
"Khem Birch","TOR","PF,C","4.4","4.1","0.9","0.5","0.5",".488",".731","0.0","61","16.2","0.5"
"Dean Wade","CLE","PF,C DTD","4.4","4.3","0.8","0.2","0.5",".451",".667","1.1","47","15.0","0.5"
"Lindy Waters III","OKC","G","4.3","4.9","0.8","0.1","0.5",".367",".787","1.1","15","11.1","0.5"
"MarJon Beauchamp","MIL","F","4.3","0.1","0.2","0.2","0.5",".443",".519","0.4","50","12.5","0.6"
"Davon Reed","DEN","SG","4.3","1.6","1.1","0.2","0.5",".431",".649","0.8","59","14.7","0.6"
"Ochai Agbaji","UTH","G","4.3","2.4","0.7","0.2","0.3",".409",".657","0.7","38","12.6","0.7"
"CJ Elleby","MIN","SF,SG","4.2","2.4","1.0","0.2","0.5",".398",".723","0.5","52","14.7","0.7"
"Blake Wesley","SAS","SG","4.2","0.1","0.7","0.1","0.3",".400",".613","0.4","59","10.8","0.9"
"Anthony Gill","WAS","SF,PF","4.2","4.7","0.5","0.4","0.2",".486",".814","0.3","25","12.5","0.5"
"Greg Brown III","POR","PF","4.2","10.5","0.6","0.5","0.5",".435",".686","0.3","13","11.8","0.7"
"Rodney McGruder","DET","SG,SF","4.2","4.7","0.9","0.1","0.4",".433",".781","0.9","18","9.9","0.6"
"Quinndary Weatherspoon","GSW","SG G-League","4.2","3.2","0.6","0.2","0.3",".437",".899","0.5","19","7.6","0.5"
"Maurice Harkless","ATL","SF,PF","4.1","2.2","0.7","0.4","0.6",".431",".696","0.6","56","16.1","0.6"
"Haywood Highsmith","MIA","SG,SF","4.1","2.1","0.4","0.2","0.2",".381",".604","0.8","46","12.6","0.4"
"Usman Garuba","HOU","PF","4.1","4.6","1.0","0.7","0.6",".488",".709","0.3","69","16.0","0.5"
"Alex Len","SAC","PF,C DTD","4.0","7.9","0.9","0.5","0.3",".516",".650","0.1","22","11.0","0.8"
"Killian Tillie","MEM","C DTD","4.0","4.6","0.7","0.3","0.7",".389",".822","0.6","20","13.4","0.5"
"KZ Okpala","SAC","SF","4.0","6.0","0.6","0.3","0.3",".401",".716","0.6","17","11.1","0.5"
"Troy Brown Jr.","LAL","SG,SF","4.0","2.3","0.8","0.1","0.4",".388",".762","0.6","60","16.7","0.4"
"Frank Ntilikina","DAL","PG,SG DTD","4.0","1.3","1.2","0.1","0.5",".392",".946","0.6","52","12.0","0.6"
"Joe Wieskamp","SAS","SG,SF","3.9","2.5","0.5","0.1","0.3",".384",".673","0.8","20","9.1","0.3"
"Daishen Nix","HOU","SG,PG","3.9","3.1","1.7","0.1","0.4",".409",".517","0.3","20","10.6","1.1"
"Kevin Knox II","DET","SF,PF","3.9","2.4","0.6","0.2","0.3",".340",".720","0.6","35","11.1","0.5"
"Miles McBride","NYK","PG","3.8","1.4","0.9","0.1","0.4",".361",".652","0.6","45","12.5","1.2"
"Jordan Schakel","WAS","F","3.8","3.3","0.6","0.2","0.4",".388",".866","0.6","22","8.3","0.6"
"Thanasis Antetokounmpo","MIL","SF,PF","3.7","5.0","0.5","0.3","0.4",".495",".624","0.1","25","11.3","0.7"
"Braxton Key","DET","F","3.7","5.3","0.6","0.2","0.3",".438",".544","0.6","18","8.9","0.6"
"Vlatko Cancar","DEN","SF,PF","3.5","5.2","0.6","0.1","0.2",".457",".635","0.7","18","9.7","0.5"
"Justin Champagnie","TOR","SF G-League","3.5","2.6","0.4","0.2","0.3",".426",".780","0.3","43","11.4","0.4"
"Jabari Walker","POR","PF","3.5","0.1","0.5","0.0","0.2",".418",".676","0.2","49","10.2","0.5"
"Dalano Banton","TOR","SF,PG","3.4","4.0","1.8","0.1","0.5",".395",".583","0.3","22","9.1","0.9"
"Juancho Hernangomez","TOR","PF,C,SF","3.4","5.6","0.4","0.2","0.3",".412",".593","0.2","21","9.4","0.5"
"Sam Hauser","BOS","PF,SF","3.4","1.7","0.5","0.1","0.2",".424",".667","0.8","46","8.7","0.2"
"Isaiah Todd","WAS","PF","3.4","4.3","0.5","0.4","0.4",".418",".667","0.1","20","10.6","0.6"
"Taj Gibson","WAS","PF,C","3.4","4.1","0.4","0.5","0.3",".479",".767","0.1","44","12.1","0.7"
"Caleb Houstan","ORL","G","3.4","0.4","0.5","0.0","0.3",".378",".747","0.6","16","9.0","0.5"
"Nathan Knight","MIN","PF,C","3.4","6.8","0.7","0.3","0.3",".424",".724","0.1","21","6.3","0.7"
"Mac McClung","GSW","PG","3.3","4.9","0.7","0.1","0.5",".385",".754","0.6","14","8.8","0.7"
"Matthew Dellavedova","SAC","PG,SG","3.3","1.8","3.1","0.2","0.3",".362",".660","0.4","11","11.7","0.6"
"Andrew Nembhard","IND","PG","3.3","0.4","1.5","0.0","0.3",".440",".754","0.5","15","9.3","0.8"
"Ousmane Dieng","OKC","F","3.2","0.2","0.5","0.0","0.3",".385",".638","0.3","44","8.8","0.5"
"McKinley Wright IV","DAL","PG","3.2","1.2","1.2","0.1","0.5",".389",".766","0.7","25","11.0","0.6"
"Admiral Schofield","ORL","SF,PF DTD","3.2","5.3","0.8","0.2","0.2",".397",".700","0.6","17","8.4","0.6"
"Josh Okogie","PHO","SG,SF","3.2","3.2","0.7","0.2","0.6",".415",".677","0.4","26","11.9","0.5"
"Nikola Jovic","MIA","SF","3.2","0.1","0.3","0.2","0.2",".402",".684","0.4","39","9.9","0.2"
"AJ Griffin","ATL","SF","3.2","0.2","0.4","0.2","0.2",".403",".676","0.5","40","9.8","0.4"
"Jericho Sims","NYK","C,PF","3.1","5.2","0.4","0.5","0.3",".663",".432","0.0","32","12.4","0.6"
"Theo Pinson","DAL","SF,SG","3.1","3.6","0.8","0.1","0.3",".382","1.000","0.5","18","8.2","0.4"
"Jaden Springer","PHI","SG,PG","3.1","1.2","0.8","0.1","0.4",".399",".775","0.4","18","8.1","0.5"
"Bol Bol","ORL","PF,C","3.1","4.6","0.5","0.3","0.2",".500",".639","0.1","18","7.4","0.6"
"Kent Bazemore","SAC","SG,SF","3.0","9.0","0.9","0.3","0.5",".371",".789","0.7","8","7.0","0.6"
"Kennedy Chandler","MEM","PG","3.0","0.5","0.2","0.2","0.2",".416",".670","0.6","15","6.8","0.5"
"JT Thor","CHA","PF","3.0","1.7","0.6","0.3","0.4",".453",".671","0.3","43","10.5","0.6"
"Tyler Dorsey","DAL","PG,SG","2.9","0.4","0.5","0.1","0.2",".433",".507","0.6","16","7.4","0.3"
"Simone Fontecchio","UTH","F","2.8","0.2","0.3","0.2","0.2",".391",".778","0.7","33","11.8","0.6"
"Josh Minott","MIN","PF","2.8","0.4","0.2","0.2","0.2",".421",".600","0.4","16","7.0","0.4"
"Gabriele Procida","DET","SG","2.8","1.4","0.4","0.0","0.0",".385",".667","0.2","5","7.4","0.4"
"Xavier Sneed","UTH","SG","2.8","3.4","0.4","0.1","0.3",".349",".633","0.4","14","9.5","0.4"
"Bryce McGowens","CHA","SG","2.8","0.4","0.3","0.1","0.2",".421",".798","0.3","16","7.1","0.4"
"Kendall Brown","IND","SF","2.7","0.4","0.5","0.0","0.2",".530",".736","0.3","15","5.1","0.7"
"Mfiondu Kabengele","BOS","C,PF","2.7","0.2","0.2","0.2","0.2",".426",".753","0.3","28","7.5","0.5"
"Eugene Omoruyi","OKC","SG","2.7","3.6","0.7","0.2","0.3",".423",".664","0.4","12","6.2","0.6"
"Dylan Windler","CLE","SF,SG","2.6","5.0","0.6","0.1","0.3",".413",".878","0.4","21","8.9","0.4"
"Max Christie","LAL","SG","2.6","0.4","0.4","0.0","0.2",".374",".732","0.2","14","7.0","0.6"
"Trent Forrest","ATL","SG","2.5","4.9","1.3","0.1","0.4",".447",".784","0.1","15","8.1","0.6"
"Leandro Bolmaro","UTH","SF","2.5","2.0","0.7","0.1","0.3",".370",".800","0.3","35","9.9","0.5"
"Ryan Rollins","GSW","SG","2.5","0.2","0.2","0.2","0.2",".461",".682","0.3","33","8.1","0.3"
"RJ Nembhard Jr.","CLE","G","2.5","1.7","0.9","0.0","0.2",".373",".776","0.2","20","6.8","0.4"
"Gui Santos","GSW","SF","2.3","1.0","0.2","0.2","0.2",".461",".337","0.3","6","6.0","0.3"
"Christian Braun","DEN","SG","2.3","0.5","0.5","0.1","0.2",".436",".569","0.4","15","7.3","0.3"
"Luca Vildoza","MIL","PG","2.3","0.5","0.2","0.1","0.1",".401",".815","0.4","14","5.5","0.1"
"Deividas Sirvydis","IND","SF","2.3","6.1","0.5","0.1","0.3",".362",".611","0.3","15","6.1","0.6"
"Jason Preston","LAC","PG","2.2","0.4","0.2","0.0","0.4",".411",".767","0.3","16","5.8","0.4"
"Luke Kornet","BOS","C","2.2","3.0","0.5","0.4","0.2",".478",".674","0.2","42","8.3","0.3"
"Dalen Terry","CHI","PG","2.2","0.1","0.9","0.1","0.3",".386",".633","0.2","33","8.6","0.4"
"JD Davison","BOS","PG","2.2","0.3","0.7","0.1","0.2",".405",".692","0.3","24","6.5","0.3"
"Noah Vonleh","BOS","PF,C","2.1","0.2","0.5","0.1","0.1",".529",".759","0.1","14","7.2","0.4"
"Trevor Keels","NYK","SF","2.0","0.4","0.4","0.0","0.1",".355",".490","0.4","14","5.6","0.4"
"Feron Hunt","NYK","SF G-League","2.0","1.4","0.6","0.1","0.3",".399",".757","0.5","20","5.7","0.5"
"Tyrese Martin","ATL","G","1.9","0.3","0.3","0.1","0.2",".378",".736","0.2","23","5.7","0.3"
"Peyton Watson","DEN","SF","1.7","0.6","0.4","0.2","0.2",".348",".754","0.2","12","5.8","0.3"
"Udonis Haslem","MIA","PF,C","1.7","20.0","0.3","0.2","0.2",".399",".664","0.2","6","4.7","0.3"
"Yannick Nzosa","WAS","C","0.0","0.0","0.0","0.0","0.0",".000",".000","0.0","0","0.0","0.0"
"Patrick Baldwin Jr.","GSW","G","0.0","0.0","0.0","0.0","0.0",".000",".000","0.0","0","0.0","0.0"
"Goga Bitadze","IND","C DTD","0.0","0.0","0.0","0.0","0.0",".000",".000","0.0","0","0.0","0.0"
"Moses Brown","CLE","C","0.0","0.0","0.0","0.0","0.0",".000",".000","0.0","0","0.0","0.0"
"Vince Williams Jr.","MEM","F","0.0","0.0","0.0","0.0","0.0",".000",".000","0.0","0","0.0","0.0"
"Isaiah Mobley","CLE","F","0.0","0.0","0.0","0.0","0.0",".000",".000","0.0","0","0.0","0.0"
"Wendell Moore Jr.","MIN","F","0.0","0.0","0.0","0.0","0.0",".000",".000","0.0","0","0.0","0.0"
"Jarrett Culver","ATL","PG,SG,SF","0.0","0.0","0.0","0.0","0.0",".000",".000","0.0","0","0.0","0.0"
"Ty Jerome","OKC","PG,SG","0.0","0.0","0.0","0.0","0.0",".000",".000","0.0","0","0.0","0.0"
"Frank Jackson","DET","PG,SG DTD","0.0","0.0","0.0","0.0","0.0",".000",".000","0.0","0","0.0","0.0"
"Gabe York","IND","G","0.0","0.0","0.0","0.0","0.0",".000",".000","0.0","0","0.0","0.0"
"Willie Cauley-Stein","HOU","PF,C","0.0","0.0","0.0","0.0","0.0",".000",".000","0.0","0","0.0","0.0"
"Jock Landale","PHO","C","0.0","0.0","0.0","0.0","0.0",".000",".000","0.0","0","0.0","0.0"
"Duane Washington Jr.","PHO","PG","0.0","0.0","0.0","0.0","0.0",".000",".000","0.0","0","0.0","0.0"
"Day'Ron Sharpe","BKN","PF,C","0.0","0.0","0.0","0.0","0.0",".000",".000","0.0","0","0.0","0.0"
"Kai Jones","CHA","C,PF","0.0","0.0","0.0","0.0","0.0",".000",".000","0.0","0","0.0","0.0"
"Denzel Valentine","BOS","SG,SF","0.0","0.0","0.0","0.0","0.0",".000",".000","0.0","0","0.0","0.0"
"Jaden Hardy","DAL","G","0.0","0.0","0.0","0.0","0.0",".000",".000","0.0","0","0.0","0.0"
"Facundo Campazzo","DEN","PG","0.0","0.0","0.0","0.0","0.0",".000",".000","0.0","0","0.0","0.0"
"Christian Koloko","TOR","PF","0.0","0.0","0.0","0.0","0.0",".000",".000","0.0","0","0.0","0.0"
"Vernon Carey Jr.","WAS","C","0.0","0.0","0.0","0.0","0.0",".000",".000","0.0","0","0.0","0.0"
"Tony Bradley","CHI","C","0.0","0.0","0.0","0.0","0.0",".000",".000","0.0","0","0.0","0.0"
"Moussa Diabate","LAC","PF","0.0","0.0","0.0","0.0","0.0",".000",".000","0.0","0","0.0","0.0"
"E.J. Liddell","NOR","PF","0.0","0.0","0.0","0.0","0.0",".000",".000","0.0","0","0.0","0.0"
"Luka Garza","MIN","C","0.0","0.0","0.0","0.0","0.0",".000",".000","0.0","0","0.0","0.0"
"Ismael Kamagate","DEN","C","0.0","0.0","0.0","0.0","0.0",".000",".000","0.0","0","0.0","0.0"
"Nick Richards","CHA","C DTD","0.0","0.0","0.0","0.0","0.0",".000",".000","0.0","0","0.0","0.0"
"Khalifa Diop","CLE","C","0.0","0.0","0.0","0.0","0.0",".000",".000","0.0","0","0.0","0.0"
"Khyri Thomas","HOU","SG","0.0","0.0","0.0","0.0","0.0",".000",".000","0.0","0","0.0","0.0"
"Alize Johnson","SAS","SF,PF","0.0","0.0","0.0","0.0","0.0",".000",".000","0.0","0","0.0","0.0"
"Udoka Azubuike","UTH","C OUT","0.0","0.0","0.0","0.0","0.0",".000",".000","0.0","0","0.0","0.0"
"Luke Travers","CLE","SG","0.0","0.0","0.0","0.0","0.0",".000",".000","0.0","0","0.0","0.0"
"Brandon Goodwin","CLE","PG","0.0","0.0","0.0","0.0","0.0",".000",".000","0.0","0","0.0","0.0"
"Matteo Spagnolo","MIN","PG","0.0","0.0","0.0","0.0","0.0",".000",".000","0.0","0","0.0","0.0"
"Hugo Besson","MIL","PG","0.0","0.0","0.0","0.0","0.0",".000",".000","0.0","0","0.0","0.0"
"Chima Moneke","SAC","F","0.0","0.0","0.0","0.0","0.0",".000",".000","0.0","0","0.0","0.0"
""
""